population_group,measure,location,sex,age,cause,metric,year,val,upper,lower
Toda a população,Óbitos,Brasil,Ambos,Todas as idades,"Câncer de traqueia, brônquios e pulmão",Número,1980,9671.64970468413,10230.143265351597,9070.941841417589
Toda a população,Óbitos,Brasil,Ambos,Todas as idades,AVC isquêmico,Número,1980,50423.113235311794,54241.28298044807,46480.52968156177
Toda a população,Óbitos,Brasil,Ambos,Todas as idades,AVC hemorrágico,Número,1980,40566.942917628985,43977.15563483077,37382.38634760161
Toda a população,Óbitos,Brasil,Ambos,Todas as idades,Aneurisma da aorta,Número,1980,1624.7436803565145,1721.2013517524067,1531.8646682732635
Toda a população,Óbitos,Brasil,Ambos,Todas as idades,Doença pulmonar obstrutiva crônica,Número,1980,19840.739118558693,21214.416370706018,18442.509376267775
Toda a população,Óbitos,Brasil,Ambos,Todas as idades,Leucemia mieloide aguda,Número,1980,1675.8077736414575,1837.159008649806,1546.3365223998146
Toda a população,Óbitos,Brasil,Ambos,Todas as idades,Doença pulmonar obstrutiva crônica,Número,1981,19587.95690156312,20816.236744249807,18160.285627192094
Toda a população,Óbitos,Brasil,Ambos,Todas as idades,Doença pulmonar obstrutiva crônica,Número,1982,20139.08941018873,21502.478138188555,18749.985399099394
Toda a população,Óbitos,Brasil,Ambos,Todas as idades,Doença pulmonar obstrutiva crônica,Número,1983,21943.245926385614,23493.159823657126,20399.74972263314
Toda a população,Óbitos,Brasil,Ambos,Todas as idades,AVC isquêmico,Número,1982,47657.184401839375,51183.08358184946,44164.06221155647
Toda a população,Óbitos,Brasil,Ambos,Todas as idades,AVC hemorrágico,Número,1982,39131.95324131034,42468.00928674311,35829.6215218934
Toda a população,Óbitos,Brasil,Ambos,Todas as idades,Aneurisma da aorta,Número,1982,1635.3601161388603,1736.7925601436168,1540.24309321083
Toda a população,Óbitos,Brasil,Ambos,Todas as idades,AVC isquêmico,Número,1983,50456.689772031095,54218.95555639777,47002.1943376766
Toda a população,Óbitos,Brasil,Ambos,Todas as idades,AVC hemorrágico,Número,1983,41540.355475264434,44880.006475215676,38490.958523039015
Toda a população,Óbitos,Brasil,Ambos,Todas as idades,Aneurisma da aorta,Número,1983,1815.9751237932255,1925.6998610074284,1716.6024571122266
Toda a população,Óbitos,Brasil,Ambos,Todas as idades,AVC isquêmico,Número,1981,47821.166638541195,51483.64014370394,44171.93022702327
Toda a população,Óbitos,Brasil,Ambos,Todas as idades,AVC hemorrágico,Número,1981,38904.65259236876,42127.618469909066,35752.41218914232
Toda a população,Óbitos,Brasil,Ambos,Todas as idades,Aneurisma da aorta,Número,1981,1568.5202981793163,1661.8208564559925,1478.1577010015847
Toda a população,Óbitos,Brasil,Ambos,Todas as idades,Doença pulmonar obstrutiva crônica,Número,1984,24143.9014713539,25875.037823685947,22390.675315366287
Toda a população,Óbitos,Brasil,Ambos,Todas as idades,"Câncer de traqueia, brônquios e pulmão",Número,1983,10682.748131694752,11270.297757449742,10063.706729670635
Toda a população,Óbitos,Brasil,Ambos,Todas as idades,Leucemia mieloide aguda,Número,1982,1617.408478161437,1775.2395040815434,1490.9060282503608
Toda a população,Óbitos,Brasil,Ambos,Todas as idades,Doença pulmonar obstrutiva crônica,Número,1986,26513.929957932196,28584.545904165756,24296.34704298825
Toda a população,Óbitos,Brasil,Ambos,Todas as idades,Doença pulmonar obstrutiva crônica,Número,1985,25349.92294389314,27291.40957751177,23414.693912805924
Toda a população,Óbitos,Brasil,Ambos,Todas as idades,Leucemia mieloide aguda,Número,1981,1602.7204770095138,1746.9392837181902,1475.8675761809006
Toda a população,Óbitos,Brasil,Ambos,Todas as idades,Leucemia mieloide aguda,Número,1983,1734.0530556388753,1902.590490726781,1600.6047318155277
Toda a população,Óbitos,Brasil,Ambos,Todas as idades,"Câncer de traqueia, brônquios e pulmão",Número,1982,9881.050428961444,10415.430877948538,9320.039967158558
Toda a população,Óbitos,Brasil,Ambos,Todas as idades,AVC isquêmico,Número,1984,52958.407418244766,56868.65412952344,49185.61641018842
Toda a população,Óbitos,Brasil,Ambos,Todas as idades,AVC hemorrágico,Número,1984,43725.75291199359,47021.705689690476,40501.712859318
Toda a população,Óbitos,Brasil,Ambos,Todas as idades,Aneurisma da aorta,Número,1984,1974.3380680084706,2099.906365135033,1855.3490263524159
Toda a população,Óbitos,Brasil,Ambos,Todas as idades,"Câncer de traqueia, brônquios e pulmão",Número,1981,9442.396223852256,9969.187083001447,8865.118282546446
Toda a população,Óbitos,Brasil,Ambos,Todas as idades,Leucemia mieloide aguda,Número,1984,1807.1006544570257,1969.7831580674983,1658.3973070276095
Toda a população,Óbitos,Brasil,Ambos,Todas as idades,Doença pulmonar obstrutiva crônica,Número,1987,27329.40792162338,29382.886462593204,25200.695501299157
Toda a população,Óbitos,Brasil,Ambos,Todas as idades,AVC isquêmico,Número,1985,52985.07217398142,57160.71188563619,49094.16597948627
Toda a população,Óbitos,Brasil,Ambos,Todas as idades,AVC hemorrágico,Número,1985,44236.22637629678,47508.26493409077,40964.15996110554
Toda a população,Óbitos,Brasil,Ambos,Todas as idades,Aneurisma da aorta,Número,1985,2034.0117485534226,2171.82741622737,1907.2979242365977
Toda a população,Óbitos,Brasil,Ambos,Todas as idades,Doença pulmonar obstrutiva crônica,Número,1988,29439.73468622955,31839.506030358865,26973.736124729963
Toda a população,Óbitos,Brasil,Ambos,Todas as idades,Doença pulmonar obstrutiva crônica,Número,1989,29663.94000836929,32092.604604772176,27187.235011934168
Toda a população,Óbitos,Brasil,Ambos,Todas as idades,"Câncer de traqueia, brônquios e pulmão",Número,1984,11305.683328885687,11916.183938557417,10677.881852334502
Toda a população,Óbitos,Brasil,Ambos,Todas as idades,Leucemia mieloide aguda,Número,1986,1920.0254129955972,2089.7252956081275,1741.6456028968769
Toda a população,Óbitos,Brasil,Ambos,Todas as idades,"Câncer de traqueia, brônquios e pulmão",Número,1985,11791.93031254382,12378.047466427875,11147.855653384897
Toda a população,Óbitos,Brasil,Ambos,Todas as idades,AVC isquêmico,Número,1986,52859.617294116026,56882.022198345745,48762.105024221586
Toda a população,Óbitos,Brasil,Ambos,Todas as idades,AVC hemorrágico,Número,1986,43664.195940354024,47128.205567751516,40420.066034700285
Toda a população,Óbitos,Brasil,Ambos,Todas as idades,Aneurisma da aorta,Número,1986,2148.2069698190353,2297.655803431983,2007.397736639139
Toda a população,Óbitos,Brasil,Ambos,Todas as idades,Leucemia mieloide aguda,Número,1985,1825.9996818747927,1991.0624739690757,1657.195641599535
Toda a população,Óbitos,Brasil,Ambos,Todas as idades,"Câncer de traqueia, brônquios e pulmão",Número,1986,12153.758593756078,12704.110475557616,11545.342034993757
Toda a população,Óbitos,Brasil,Ambos,Todas as idades,AVC isquêmico,Número,1987,53315.48922547733,57518.66539070858,49076.978039276306
Toda a população,Óbitos,Brasil,Ambos,Todas as idades,AVC hemorrágico,Número,1987,43459.73616728616,46836.66768222071,40182.89979035608
Toda a população,Óbitos,Brasil,Ambos,Todas as idades,Aneurisma da aorta,Número,1987,2265.9355408191323,2419.775447207822,2119.262913437848
Toda a população,Óbitos,Brasil,Ambos,Todas as idades,Leucemia mieloide aguda,Número,1987,1968.7589475864972,2165.2859557379597,1789.0139664512442
Toda a população,Óbitos,Brasil,Ambos,Todas as idades,AVC isquêmico,Número,1988,55344.579152469145,59570.61476656644,51175.73222220725
Toda a população,Óbitos,Brasil,Ambos,Todas as idades,AVC hemorrágico,Número,1988,44434.87806061214,47966.869963654586,41007.473438150904
Toda a população,Óbitos,Brasil,Ambos,Todas as idades,Aneurisma da aorta,Número,1988,2478.856611896934,2656.4255739017294,2329.138894071165
Toda a população,Óbitos,Brasil,Ambos,Todas as idades,"Câncer de traqueia, brônquios e pulmão",Número,1987,12602.195701587016,13082.762465880056,12019.162754183553
Toda a população,Óbitos,Brasil,Ambos,Todas as idades,Doença pulmonar obstrutiva crônica,Número,1990,31443.749187623856,34002.886888368856,28718.612256351345
Toda a população,Óbitos,Brasil,Ambos,Todas as idades,AVC isquêmico,Número,1989,54146.62863436479,58329.525523996526,50030.11914315014
Toda a população,Óbitos,Brasil,Ambos,Todas as idades,AVC hemorrágico,Número,1989,44073.02483695,47779.59704192389,40795.476734567485
Toda a população,Óbitos,Brasil,Ambos,Todas as idades,Aneurisma da aorta,Número,1989,2576.5200074678205,2753.635122222207,2418.9709642314447
Toda a população,Óbitos,Brasil,Ambos,Todas as idades,"Câncer de traqueia, brônquios e pulmão",Número,1988,13284.353760853002,13868.089309027313,12694.619540359108
Toda a população,Óbitos,Brasil,Ambos,Todas as idades,"Câncer de traqueia, brônquios e pulmão",Número,1989,13584.203560346983,14254.578018046943,12913.584239704307
Toda a população,Óbitos,Brasil,Ambos,Todas as idades,Leucemia mieloide aguda,Número,1989,1995.0221921723507,2184.4619246745733,1815.5562453219884
Toda a população,Óbitos,Brasil,Ambos,Todas as idades,Leucemia mieloide aguda,Número,1988,1979.1605004882051,2174.799428209263,1799.1911296756377
Toda a população,Óbitos,Brasil,Ambos,Todas as idades,AVC isquêmico,Número,1990,53616.08485007573,57675.2580582071,49560.97083128652
Toda a população,Óbitos,Brasil,Ambos,Todas as idades,AVC hemorrágico,Número,1990,43317.311248372025,47055.14190586908,40019.761968709936
Toda a população,Óbitos,Brasil,Ambos,Todas as idades,Aneurisma da aorta,Número,1990,2844.378100702321,3045.693415202375,2673.476476231428
Toda a população,Óbitos,Brasil,Ambos,Todas as idades,Doença pulmonar obstrutiva crônica,Número,1991,31747.308596805837,34176.14755571709,29161.91753242753
Toda a população,Óbitos,Brasil,Ambos,Todas as idades,Doença pulmonar obstrutiva crônica,Número,1992,33926.05450923071,36660.50800659061,31105.774146134183
Toda a população,Óbitos,Brasil,Ambos,Todas as idades,"Câncer de traqueia, brônquios e pulmão",Número,1990,14033.077544734317,14683.659332071978,13404.528905224432
Toda a população,Óbitos,Brasil,Ambos,Todas as idades,Doença pulmonar obstrutiva crônica,Número,1993,37702.741649585994,40686.78523834546,34432.09648259569
Toda a população,Óbitos,Brasil,Ambos,Todas as idades,Leucemia mieloide aguda,Número,1990,2023.2374276614923,2204.4365757459404,1850.7855159500568
Toda a população,Óbitos,Brasil,Ambos,Todas as idades,Doença pulmonar obstrutiva crônica,Número,1994,39096.24004064525,42250.728302479954,35674.286449932835
Toda a população,Óbitos,Brasil,Ambos,Todas as idades,AVC isquêmico,Número,1993,56277.79701391137,60793.282946452004,52074.355720433094
Toda a população,Óbitos,Brasil,Ambos,Todas as idades,AVC hemorrágico,Número,1993,45467.84105941011,49429.04489531544,42112.117730468344
Toda a população,Óbitos,Brasil,Ambos,Todas as idades,Aneurisma da aorta,Número,1993,3622.430547095061,3852.8097022915663,3375.2961712488536
Toda a população,Óbitos,Brasil,Ambos,Todas as idades,Doença pulmonar obstrutiva crônica,Número,1995,41566.61527836507,44798.96104822505,37727.66520286396
Toda a população,Óbitos,Brasil,Ambos,Todas as idades,"Câncer de traqueia, brônquios e pulmão",Número,1992,15114.721741519481,15869.574575182314,14390.271151039105
Toda a população,Óbitos,Brasil,Ambos,Todas as idades,AVC isquêmico,Número,1991,51926.63689813772,56052.81953482737,47821.85506201914
Toda a população,Óbitos,Brasil,Ambos,Todas as idades,AVC hemorrágico,Número,1991,42421.157197769506,45771.52893948767,39222.80457744829
Toda a população,Óbitos,Brasil,Ambos,Todas as idades,Aneurisma da aorta,Número,1991,2981.028221289022,3207.7535312271175,2798.187138322179
Toda a população,Óbitos,Brasil,Ambos,Todas as idades,AVC isquêmico,Número,1992,53410.47436151892,57706.06797538711,49297.6130271086
Toda a população,Óbitos,Brasil,Ambos,Todas as idades,AVC hemorrágico,Número,1992,43668.67440607903,47367.45542127031,40615.485814281325
Toda a população,Óbitos,Brasil,Ambos,Todas as idades,Aneurisma da aorta,Número,1992,3302.5670270226237,3539.952536563464,3086.2777198160743
Toda a população,Óbitos,Brasil,Ambos,Todas as idades,AVC isquêmico,Número,1994,55514.961849250205,59809.669087771326,51185.20766930358
Toda a população,Óbitos,Brasil,Ambos,Todas as idades,AVC hemorrágico,Número,1994,45288.2676538339,49248.21621682564,41943.80929480513
Toda a população,Óbitos,Brasil,Ambos,Todas as idades,Aneurisma da aorta,Número,1994,3857.2258344073566,4109.832363780138,3598.5176060556873
Toda a população,Óbitos,Brasil,Ambos,Todas as idades,"Câncer de traqueia, brônquios e pulmão",Número,1993,15854.358788682326,16685.169661651587,15118.269251609077
Toda a população,Óbitos,Brasil,Ambos,Todas as idades,"Câncer de traqueia, brônquios e pulmão",Número,1991,14396.26830558145,15107.515193534715,13716.930846555282
Toda a população,Óbitos,Brasil,Ambos,Todas as idades,Doença pulmonar obstrutiva crônica,Número,1996,45611.613119458794,48922.19848014314,41555.792365643356
Toda a população,Óbitos,Brasil,Ambos,Todas as idades,AVC isquêmico,Número,1995,54181.81640790238,58558.917728457884,49709.7320117845
Toda a população,Óbitos,Brasil,Ambos,Todas as idades,AVC hemorrágico,Número,1995,44288.783408520576,48250.093476831564,41016.689731757404
Toda a população,Óbitos,Brasil,Ambos,Todas as idades,Aneurisma da aorta,Número,1995,4048.342006935269,4313.16638538346,3788.173419574701
Toda a população,Óbitos,Brasil,Ambos,Todas as idades,Doença pulmonar obstrutiva crônica,Número,1997,46792.02546763416,50176.05651676397,42783.65915802882
Toda a população,Óbitos,Brasil,Ambos,Todas as idades,Leucemia mieloide aguda,Número,1991,2119.903423435261,2306.0598920784582,1930.235360737414
Toda a população,Óbitos,Brasil,Ambos,Todas as idades,Doença pulmonar obstrutiva crônica,Número,1998,49692.74251272311,53473.06778732574,45513.03376441538
Toda a população,Óbitos,Brasil,Ambos,Todas as idades,"Câncer de traqueia, brônquios e pulmão",Número,1994,16331.51431508922,17108.8227738112,15554.47442052199
Toda a população,Óbitos,Brasil,Ambos,Todas as idades,Leucemia mieloide aguda,Número,1993,2239.2032291594355,2464.7781453991593,2032.917481348658
Toda a população,Óbitos,Brasil,Ambos,Todas as idades,Leucemia mieloide aguda,Número,1992,2171.2216109752394,2384.471798759056,1995.1492255976868
Toda a população,Óbitos,Brasil,Ambos,Todas as idades,AVC isquêmico,Número,1996,52954.5049674461,57386.982713365294,48206.04858148498
Toda a população,Óbitos,Brasil,Ambos,Todas as idades,AVC hemorrágico,Número,1996,43794.075601855744,47571.14739385602,40588.74914324635
Toda a população,Óbitos,Brasil,Ambos,Todas as idades,Aneurisma da aorta,Número,1996,4292.6901735995425,4572.068893718259,4001.1321780268977
Toda a população,Óbitos,Brasil,Ambos,Todas as idades,"Câncer de traqueia, brônquios e pulmão",Número,1995,16829.97568717392,17551.24400449884,16042.364186515313
Toda a população,Óbitos,Brasil,Ambos,Todas as idades,Doença pulmonar obstrutiva crônica,Número,1999,49976.05128947677,53670.36370014569,45890.70703166043
Toda a população,Óbitos,Brasil,Ambos,Todas as idades,AVC isquêmico,Número,1997,52431.78147518723,56715.49371258363,47718.38443181804
Toda a população,Óbitos,Brasil,Ambos,Todas as idades,AVC hemorrágico,Número,1997,43660.69434243918,47516.94413886478,40274.384414902626
Toda a população,Óbitos,Brasil,Ambos,Todas as idades,Aneurisma da aorta,Número,1997,4478.049141928949,4791.070383620495,4150.942677737794
Toda a população,Óbitos,Brasil,Ambos,Todas as idades,Leucemia mieloide aguda,Número,1994,2251.5804982598474,2480.8622286697596,2049.359251423586
Toda a população,Óbitos,Brasil,Ambos,Todas as idades,AVC isquêmico,Número,1998,53094.355455776815,57577.51215255991,48094.85491747632
Toda a população,Óbitos,Brasil,Ambos,Todas as idades,AVC hemorrágico,Número,1998,44502.04859676647,48191.40736321214,41032.37354532176
Toda a população,Óbitos,Brasil,Ambos,Todas as idades,Aneurisma da aorta,Número,1998,4736.902936094672,5054.127281659098,4411.694628630907
Toda a população,Óbitos,Brasil,Ambos,Todas as idades,Leucemia mieloide aguda,Número,1995,2301.847668521544,2532.6432403646963,2093.8013532022537
Toda a população,Óbitos,Brasil,Ambos,Todas as idades,"Câncer de traqueia, brônquios e pulmão",Número,1996,17253.599549737126,18035.988571520335,16515.94419714496
Toda a população,Óbitos,Brasil,Ambos,Todas as idades,"Câncer de traqueia, brônquios e pulmão",Número,1997,17739.488409431284,18555.055651331615,16903.286387004067
Toda a população,Óbitos,Brasil,Ambos,Todas as idades,"Câncer de traqueia, brônquios e pulmão",Número,1998,18393.078263716594,19282.526250536113,17415.100868808076
Toda a população,Óbitos,Brasil,Ambos,Todas as idades,Doença pulmonar obstrutiva crônica,Número,2000,49037.28415796927,52577.98737252609,44986.89168684605
Toda a população,Óbitos,Brasil,Ambos,Todas as idades,AVC isquêmico,Número,1999,53052.45274052789,57664.80172139382,47527.954394769804
Toda a população,Óbitos,Brasil,Ambos,Todas as idades,AVC hemorrágico,Número,1999,44573.44293305628,48343.18234776976,41112.96552227041
Toda a população,Óbitos,Brasil,Ambos,Todas as idades,Aneurisma da aorta,Número,1999,5086.585442337515,5454.913202267467,4742.443973546853
Toda a população,Óbitos,Brasil,Ambos,Todas as idades,Leucemia mieloide aguda,Número,1996,2330.6633610028744,2560.443793853856,2116.409029715083
Toda a população,Óbitos,Brasil,Ambos,Todas as idades,Leucemia mieloide aguda,Número,1998,2510.2780511458996,2755.648445830223,2284.569322128196
Toda a população,Óbitos,Brasil,Ambos,Todas as idades,Leucemia mieloide aguda,Número,1997,2387.4855405085787,2615.87933664723,2180.4853424080825
Toda a população,Óbitos,Brasil,Ambos,Todas as idades,"Câncer de traqueia, brônquios e pulmão",Número,1999,19131.60927410549,20121.990159498622,18239.686371552532
Toda a população,Óbitos,Brasil,Ambos,Todas as idades,AVC isquêmico,Número,2000,53573.42298389828,58025.57218091699,48115.64781932035
Toda a população,Óbitos,Brasil,Ambos,Todas as idades,AVC hemorrágico,Número,2000,42769.65247257508,46384.137963486835,39454.02455370451
Toda a população,Óbitos,Brasil,Ambos,Todas as idades,Aneurisma da aorta,Número,2000,5435.166851015581,5809.5077352264425,5041.423899344366
Toda a população,Óbitos,Brasil,Ambos,Todas as idades,Leucemia mieloide aguda,Número,2000,2726.5388489571274,2983.736986751219,2483.231150737489
Toda a população,Óbitos,Brasil,Ambos,Todas as idades,Leucemia mieloide aguda,Número,1999,2610.7989228231672,2862.0538749123684,2374.4817869135363
Toda a população,Óbitos,Brasil,Ambos,Todas as idades,"Câncer de traqueia, brônquios e pulmão",Número,2000,19986.704891903148,20927.908605548448,18831.42507837856
Toda a população,Óbitos,Brasil,Ambos,Todas as idades,Doença pulmonar obstrutiva crônica,Número,2003,52196.482349190475,55430.66162776995,47421.748830470664
Toda a população,Óbitos,Brasil,Ambos,Todas as idades,Doença pulmonar obstrutiva crônica,Número,2001,49524.97485706704,52974.1970571838,45041.39095983382
Toda a população,Óbitos,Brasil,Ambos,Todas as idades,AVC isquêmico,Número,2002,56110.0035184899,60943.95832559294,49871.007315797986
Toda a população,Óbitos,Brasil,Ambos,Todas as idades,AVC hemorrágico,Número,2002,42803.01471733928,46320.97554097276,39433.77179367389
Toda a população,Óbitos,Brasil,Ambos,Todas as idades,Aneurisma da aorta,Número,2002,5810.710190559592,6194.372745058846,5370.841079785307
Toda a população,Óbitos,Brasil,Ambos,Todas as idades,Doença pulmonar obstrutiva crônica,Número,2002,50806.01661006144,54237.322420275115,46269.483271276855
Toda a população,Óbitos,Brasil,Ambos,Todas as idades,AVC isquêmico,Número,2001,54730.66912336815,59226.26597253238,48936.61589019466
Toda a população,Óbitos,Brasil,Ambos,Todas as idades,AVC hemorrágico,Número,2001,42706.84164292237,46378.888593598866,39183.75001091113
Toda a população,Óbitos,Brasil,Ambos,Todas as idades,Aneurisma da aorta,Número,2001,5584.031935659919,5990.843664742677,5204.334701188837
Toda a população,Óbitos,Brasil,Ambos,Todas as idades,AVC isquêmico,Número,2003,57133.88632916367,61713.613299262,51003.17846478801
Toda a população,Óbitos,Brasil,Ambos,Todas as idades,AVC hemorrágico,Número,2003,43498.03431592011,47081.45510805285,39921.92715359453
Toda a população,Óbitos,Brasil,Ambos,Todas as idades,Aneurisma da aorta,Número,2003,6053.921274264529,6464.993785802237,5596.574802078817
Toda a população,Óbitos,Brasil,Ambos,Todas as idades,"Câncer de traqueia, brônquios e pulmão",Número,2001,20644.12666333826,21667.11847316814,19507.679733884594
Toda a população,Óbitos,Brasil,Ambos,Todas as idades,Doença pulmonar obstrutiva crônica,Número,2004,52939.02657195801,56132.29702424039,47990.12510824769
Toda a população,Óbitos,Brasil,Ambos,Todas as idades,Doença pulmonar obstrutiva crônica,Número,2005,50501.87746513903,53561.83197669479,45417.83196325828
Toda a população,Óbitos,Brasil,Ambos,Todas as idades,AVC isquêmico,Número,2005,56890.1245608817,61652.47867672295,50638.87723746845
Toda a população,Óbitos,Brasil,Ambos,Todas as idades,AVC hemorrágico,Número,2005,42619.03776096198,45983.92644736441,39234.17076871082
Toda a população,Óbitos,Brasil,Ambos,Todas as idades,Aneurisma da aorta,Número,2005,6346.923870865244,6751.643794518404,5932.651830138768
Toda a população,Óbitos,Brasil,Ambos,Todas as idades,AVC isquêmico,Número,2004,57667.96005191709,62295.15200734743,51702.49339907674
Toda a população,Óbitos,Brasil,Ambos,Todas as idades,AVC hemorrágico,Número,2004,43865.71207962369,47438.26846275848,40459.46133999731
Toda a população,Óbitos,Brasil,Ambos,Todas as idades,Aneurisma da aorta,Número,2004,6295.615841605934,6729.170407017962,5821.935950127149
Toda a população,Óbitos,Brasil,Ambos,Todas as idades,Doença pulmonar obstrutiva crônica,Número,2008,49573.990754295475,52635.71969845092,44982.14741412171
Toda a população,Óbitos,Brasil,Ambos,Todas as idades,Doença pulmonar obstrutiva crônica,Número,2007,49695.62688679161,52703.42744385521,45151.7410181271
Toda a população,Óbitos,Brasil,Ambos,Todas as idades,Doença pulmonar obstrutiva crônica,Número,2006,50032.20266443078,53165.78820454479,45213.187075434114
Toda a população,Óbitos,Brasil,Ambos,Todas as idades,"Câncer de traqueia, brônquios e pulmão",Número,2002,21180.003866641156,22179.50477328885,20038.228380878012
Toda a população,Óbitos,Brasil,Ambos,Todas as idades,"Câncer de traqueia, brônquios e pulmão",Número,2003,22079.103986758775,23116.65936259656,20777.662027170652
Toda a população,Óbitos,Brasil,Ambos,Todas as idades,Leucemia mieloide aguda,Número,2001,2847.4246905649575,3115.9698614541985,2585.653142261859
Toda a população,Óbitos,Brasil,Ambos,Todas as idades,AVC isquêmico,Número,2007,60074.265625819535,64841.64621244801,53391.275192351924
Toda a população,Óbitos,Brasil,Ambos,Todas as idades,AVC hemorrágico,Número,2007,42816.33253911663,45861.33713694876,39755.16030719715
Toda a população,Óbitos,Brasil,Ambos,Todas as idades,Aneurisma da aorta,Número,2007,6739.552358407286,7135.28923439353,6351.525245725547
Toda a população,Óbitos,Brasil,Ambos,Todas as idades,Leucemia mieloide aguda,Número,2003,3041.1121302813335,3313.591387751682,2780.038831047235
Toda a população,Óbitos,Brasil,Ambos,Todas as idades,"Câncer de traqueia, brônquios e pulmão",Número,2004,22911.85702245565,23978.538038568946,21628.361154308026
Toda a população,Óbitos,Brasil,Ambos,Todas as idades,Leucemia mieloide aguda,Número,2002,2954.156882657993,3224.947884368913,2695.450010997474
Toda a população,Óbitos,Brasil,Ambos,Todas as idades,AVC isquêmico,Número,2006,59107.62640823723,63939.069991672,52491.93920580006
Toda a população,Óbitos,Brasil,Ambos,Todas as idades,AVC hemorrágico,Número,2006,42751.96319950287,45858.881191673805,39587.85984879547
Toda a população,Óbitos,Brasil,Ambos,Todas as idades,Aneurisma da aorta,Número,2006,6529.509953069772,6944.231711299589,6125.068759122918
Toda a população,Óbitos,Brasil,Ambos,Todas as idades,"Câncer de traqueia, brônquios e pulmão",Número,2005,23427.95931948941,24489.943651902664,22064.584956313127
Toda a população,Óbitos,Brasil,Ambos,Todas as idades,"Câncer de traqueia, brônquios e pulmão",Número,2007,25097.249937303317,26249.41222830355,23860.86110739398
Toda a população,Óbitos,Brasil,Ambos,Todas as idades,Doença pulmonar obstrutiva crônica,Número,2009,50581.591868976415,53544.89884086904,45368.245114755046
Toda a população,Óbitos,Brasil,Ambos,Todas as idades,AVC isquêmico,Número,2008,60892.55253449345,65778.64087534852,53610.20411801642
Toda a população,Óbitos,Brasil,Ambos,Todas as idades,AVC hemorrágico,Número,2008,43054.25156190118,45924.17815878518,40022.592028485196
Toda a população,Óbitos,Brasil,Ambos,Todas as idades,Aneurisma da aorta,Número,2008,7046.7083433676125,7430.64368957428,6636.170013040302
Toda a população,Óbitos,Brasil,Ambos,Todas as idades,Leucemia mieloide aguda,Número,2004,3122.1767620790574,3374.038953496336,2874.738760988197
Toda a população,Óbitos,Brasil,Ambos,Todas as idades,Leucemia mieloide aguda,Número,2005,3241.3284278039832,3492.876365868869,2994.7665437468995
Toda a população,Óbitos,Brasil,Ambos,Todas as idades,Doença pulmonar obstrutiva crônica,Número,2010,52509.15345498884,55422.69225366616,46889.233571381046
Toda a população,Óbitos,Brasil,Ambos,Todas as idades,"Câncer de traqueia, brônquios e pulmão",Número,2006,24118.32868669012,25231.781044361018,22749.776800584757
Toda a população,Óbitos,Brasil,Ambos,Todas as idades,AVC isquêmico,Número,2009,62084.69873883459,67029.87402407575,54419.04519020663
Toda a população,Óbitos,Brasil,Ambos,Todas as idades,AVC hemorrágico,Número,2009,42792.19926272268,45713.95466105849,39947.96411189769
Toda a população,Óbitos,Brasil,Ambos,Todas as idades,Aneurisma da aorta,Número,2009,7214.299143635696,7613.181565647246,6771.816606041811
Toda a população,Óbitos,Brasil,Ambos,Todas as idades,AVC isquêmico,Número,2010,63735.275274423286,68834.6726909559,55765.54118770037
Toda a população,Óbitos,Brasil,Ambos,Todas as idades,AVC hemorrágico,Número,2010,42075.25437068493,44813.72492265971,39451.974476026786
Toda a população,Óbitos,Brasil,Ambos,Todas as idades,Aneurisma da aorta,Número,2010,7561.870800046756,7964.034069901163,7119.446355786241
Toda a população,Óbitos,Brasil,Ambos,Todas as idades,Leucemia mieloide aguda,Número,2006,3268.2541563715477,3497.788879884427,3018.8954285754858
Toda a população,Óbitos,Brasil,Ambos,Todas as idades,Doença pulmonar obstrutiva crônica,Número,2011,54574.70434173735,57718.04362327062,49052.822595437225
Toda a população,Óbitos,Brasil,Ambos,Todas as idades,Doença pulmonar obstrutiva crônica,Número,2012,53966.716145295795,57077.23030255215,48642.848201720546
Toda a população,Óbitos,Brasil,Ambos,Todas as idades,"Câncer de traqueia, brônquios e pulmão",Número,2008,26063.430490430033,27220.340370519898,24600.139703471516
Toda a população,Óbitos,Brasil,Ambos,Todas as idades,Leucemia mieloide aguda,Número,2007,3339.25399587276,3564.13162105739,3087.4810007747537
Toda a população,Óbitos,Brasil,Ambos,Todas as idades,AVC isquêmico,Número,2011,64411.30559872435,69737.30708797512,56274.66163911601
Toda a população,Óbitos,Brasil,Ambos,Todas as idades,AVC hemorrágico,Número,2011,42136.45897909142,44815.581058329524,39311.87535891241
Toda a população,Óbitos,Brasil,Ambos,Todas as idades,Aneurisma da aorta,Número,2011,7881.296002389447,8338.70245967146,7388.463467425939
Toda a população,Óbitos,Brasil,Ambos,Todas as idades,"Câncer de traqueia, brônquios e pulmão",Número,2009,26732.85074651971,27913.06747624313,25327.83899844581
Toda a população,Óbitos,Brasil,Ambos,Todas as idades,AVC isquêmico,Número,2012,63429.87306092665,68843.54368414145,55292.43096550132
Toda a população,Óbitos,Brasil,Ambos,Todas as idades,AVC hemorrágico,Número,2012,41407.086278734976,44097.792924195244,38480.06974797168
Toda a população,Óbitos,Brasil,Ambos,Todas as idades,Aneurisma da aorta,Número,2012,7991.791566154806,8441.590120066636,7503.970357110645
Toda a população,Óbitos,Brasil,Ambos,Todas as idades,"Câncer de traqueia, brônquios e pulmão",Número,2010,27928.49998962573,29124.581325069234,26416.06130841718
Toda a população,Óbitos,Brasil,Ambos,Todas as idades,Leucemia mieloide aguda,Número,2008,3392.073275967671,3627.828318592879,3114.943486994737
Toda a população,Óbitos,Brasil,Ambos,Todas as idades,Doença pulmonar obstrutiva crônica,Número,2014,55514.585600803155,58987.48492105119,50109.83182088709
Toda a população,Óbitos,Brasil,Ambos,Todas as idades,Leucemia mieloide aguda,Número,2009,3436.7874814774195,3675.296606303262,3148.472908501917
Toda a população,Óbitos,Brasil,Ambos,Todas as idades,Doença pulmonar obstrutiva crônica,Número,2015,58021.11039750938,61355.47876370021,51958.48333355473
Toda a população,Óbitos,Brasil,Ambos,Todas as idades,"Câncer de traqueia, brônquios e pulmão",Número,2012,29720.272362414453,31031.826041632463,28167.791827629408
Toda a população,Óbitos,Brasil,Ambos,Todas as idades,Doença pulmonar obstrutiva crônica,Número,2013,55311.679510181195,58462.09787144095,49721.02469577374
Toda a população,Óbitos,Brasil,Ambos,Todas as idades,AVC isquêmico,Número,2014,63348.09549166501,69041.25589512895,55239.39000292752
Toda a população,Óbitos,Brasil,Ambos,Todas as idades,AVC hemorrágico,Número,2014,41001.58400326283,43891.13555515145,38082.963916497225
Toda a população,Óbitos,Brasil,Ambos,Todas as idades,Aneurisma da aorta,Número,2014,8376.380942240303,8891.731179056469,7825.481570628333
Toda a população,Óbitos,Brasil,Ambos,Todas as idades,Leucemia mieloide aguda,Número,2010,3554.474294690145,3794.347758320383,3257.304418458521
Toda a população,Óbitos,Brasil,Ambos,Todas as idades,AVC isquêmico,Número,2015,64838.42187024047,71004.66756808988,56135.01813342804
Toda a população,Óbitos,Brasil,Ambos,Todas as idades,AVC hemorrágico,Número,2015,41308.396974969255,44293.23312160191,38356.02976583876
Toda a população,Óbitos,Brasil,Ambos,Todas as idades,Aneurisma da aorta,Número,2015,8690.318772042147,9224.85354412742,8044.752459615597
Toda a população,Óbitos,Brasil,Ambos,Todas as idades,"Câncer de traqueia, brônquios e pulmão",Número,2011,28998.873252781967,30282.953321871144,27578.856102938204
Toda a população,Óbitos,Brasil,Ambos,Todas as idades,AVC isquêmico,Número,2013,63471.48705253847,68783.04620819888,55308.32020596521
Toda a população,Óbitos,Brasil,Ambos,Todas as idades,AVC hemorrágico,Número,2013,41212.4320618561,44085.957159612975,38283.29370704385
Toda a população,Óbitos,Brasil,Ambos,Todas as idades,Aneurisma da aorta,Número,2013,8225.77029963117,8711.117652861583,7689.60346210887
Toda a população,Óbitos,Brasil,Ambos,Todas as idades,Doença pulmonar obstrutiva crônica,Número,2016,60032.101651020894,63537.20887434084,53771.73289957334
Toda a população,Óbitos,Brasil,Ambos,Todas as idades,Leucemia mieloide aguda,Número,2011,3665.3093843337806,3895.371828567538,3383.0241800149483
Toda a população,Óbitos,Brasil,Ambos,Todas as idades,"Câncer de traqueia, brônquios e pulmão",Número,2014,31697.946048206366,32943.59660774935,29800.247237653384
Toda a população,Óbitos,Brasil,Ambos,Todas as idades,AVC isquêmico,Número,2016,65905.83512595805,72502.28377471991,57366.47154534039
Toda a população,Óbitos,Brasil,Ambos,Todas as idades,AVC hemorrágico,Número,2016,42176.71825230469,45357.520329985906,39090.80011451209
Toda a população,Óbitos,Brasil,Ambos,Todas as idades,Aneurisma da aorta,Número,2016,9041.789578643811,9616.025969542481,8324.567310375656
Toda a população,Óbitos,Brasil,Ambos,Todas as idades,"Câncer de traqueia, brônquios e pulmão",Número,2015,32999.420461108246,34448.42292182687,30983.240954215846
Toda a população,Óbitos,Brasil,Ambos,Todas as idades,"Câncer de traqueia, brônquios e pulmão",Número,2013,30752.728151707604,32067.8776096688,29056.308246791417
Toda a população,Óbitos,Brasil,Ambos,Todas as idades,Doença pulmonar obstrutiva crônica,Número,2017,60205.317725261004,63817.48629652584,53828.63950578345
Toda a população,Óbitos,Brasil,Ambos,Todas as idades,Doença pulmonar obstrutiva crônica,Número,2018,59835.040387182846,63537.64675728518,53641.812630144035
Toda a população,Óbitos,Brasil,Ambos,Todas as idades,Leucemia mieloide aguda,Número,2012,3722.1842283733977,3954.444290850744,3431.170987915746
Toda a população,Óbitos,Brasil,Ambos,Todas as idades,AVC isquêmico,Número,2017,65803.40362071834,71898.397814197,57232.702312028116
Toda a população,Óbitos,Brasil,Ambos,Todas as idades,AVC hemorrágico,Número,2017,41243.186584640396,44108.83265926107,38209.59199382706
Toda a população,Óbitos,Brasil,Ambos,Todas as idades,Aneurisma da aorta,Número,2017,9036.868273514889,9611.737379397495,8309.676676183768
Toda a população,Óbitos,Brasil,Ambos,Todas as idades,Doença pulmonar obstrutiva crônica,Número,2019,62030.11363911961,66176.40940676995,55772.647527465626
Toda a população,Óbitos,Brasil,Ambos,Todas as idades,AVC isquêmico,Número,2018,65978.10242364106,72286.54151586106,57622.20349003414
Toda a população,Óbitos,Brasil,Ambos,Todas as idades,AVC hemorrágico,Número,2018,40177.65106851807,43213.274691634404,37212.58592666859
Toda a população,Óbitos,Brasil,Ambos,Todas as idades,Aneurisma da aorta,Número,2018,9040.317165198343,9587.877890493988,8361.014851055552
Toda a população,Óbitos,Brasil,Ambos,Todas as idades,"Câncer de traqueia, brônquios e pulmão",Número,2016,34094.61983779143,35525.636406960504,31911.512264058707
Toda a população,Óbitos,Brasil,Ambos,Todas as idades,Doença pulmonar obstrutiva crônica,Número,2021,57918.763738085356,60991.46667163956,52229.71295661974
Toda a população,Óbitos,Brasil,Ambos,Todas as idades,Doença pulmonar obstrutiva crônica,Número,2020,59289.77710604219,62406.85740234312,53226.98637448224
Toda a população,Óbitos,Brasil,Ambos,Todas as idades,AVC isquêmico,Número,2019,67775.18188490527,74380.21650663554,58897.67796993803
Toda a população,Óbitos,Brasil,Ambos,Todas as idades,AVC hemorrágico,Número,2019,40578.501719947366,43804.54996147784,37417.92051217552
Toda a população,Óbitos,Brasil,Ambos,Todas as idades,Aneurisma da aorta,Número,2019,9057.11027195187,9637.206254554278,8312.335291097414
Toda a população,Óbitos,Brasil,Ambos,Todas as idades,Leucemia mieloide aguda,Número,2014,3877.78589583232,4122.88995707116,3588.348348577398
Toda a população,Óbitos,Brasil,Ambos,Todas as idades,Leucemia mieloide aguda,Número,2015,4091.548178125438,4356.491887812907,3800.015846291931
Toda a população,Óbitos,Brasil,Ambos,Todas as idades,"Câncer de traqueia, brônquios e pulmão",Número,2018,35282.976850623876,36921.23907395845,33079.10582722624
Toda a população,Óbitos,Brasil,Ambos,Todas as idades,Leucemia mieloide aguda,Número,2013,3810.5559944376273,4043.3227041155046,3518.2231544239708
Toda a população,Óbitos,Brasil,Ambos,Todas as idades,"Câncer de traqueia, brônquios e pulmão",Número,2017,34589.58499143417,36159.3346652847,32340.7525324684
Toda a população,Óbitos,Brasil,Ambos,Todas as idades,AVC isquêmico,Número,2020,67649.03309305423,73363.60382614867,59726.331595777425
Toda a população,Óbitos,Brasil,Ambos,Todas as idades,AVC hemorrágico,Número,2020,41024.10554430419,43965.18190388675,38024.37988937144
Toda a população,Óbitos,Brasil,Ambos,Todas as idades,Aneurisma da aorta,Número,2020,8090.66600181703,8559.879986712236,7456.99574006849
Toda a população,Óbitos,Brasil,Ambos,Todas as idades,Leucemia mieloide aguda,Número,2016,4210.685284647985,4497.840366137033,3906.716617694232
Toda a população,Óbitos,Brasil,Ambos,Todas as idades,AVC isquêmico,Número,2021,67320.26343218808,72726.6125709639,59622.57172484038
Toda a população,Óbitos,Brasil,Ambos,Todas as idades,AVC hemorrágico,Número,2021,40936.75474957362,43616.576755064714,37972.0319618774
Toda a população,Óbitos,Brasil,Ambos,Todas as idades,Aneurisma da aorta,Número,2021,8528.49460624689,9020.567641135798,7924.39969257612
Toda a população,Óbitos,Brasil,Ambos,Todas as idades,"Câncer de traqueia, brônquios e pulmão",Número,2019,36188.49776997733,38030.147669943966,33869.016536186886
Toda a população,Óbitos,Brasil,Ambos,Todas as idades,Leucemia mieloide aguda,Número,2018,4191.346624700692,4495.819240298632,3853.8543481054026
Toda a população,Óbitos,Brasil,Ambos,Todas as idades,Leucemia mieloide aguda,Número,2017,4146.596530818385,4456.357613432165,3856.454200044589
Toda a população,Óbitos,Brasil,Ambos,Todas as idades,"Câncer de traqueia, brônquios e pulmão",Número,2020,35974.414270108355,37657.3433176856,33874.12701576352
Toda a população,Óbitos,Brasil,Ambos,Todas as idades,"Câncer de traqueia, brônquios e pulmão",Número,2021,36711.85481311169,38403.90717045224,34818.25669054175
Toda a população,Óbitos,Brasil,Ambos,Todas as idades,Leucemia mieloide aguda,Número,2020,3970.731245641381,4252.011230715774,3699.8971874449426
Toda a população,Óbitos,Brasil,Ambos,Todas as idades,Leucemia mieloide aguda,Número,2019,4196.081002617053,4497.14162615811,3888.079521061187
Toda a população,Óbitos,Brasil,Ambos,Todas as idades,Leucemia mieloide aguda,Número,2021,4009.0694328926825,4279.83182164511,3765.4374369906045
Toda a população,Óbitos,Brasil,Ambos,Todas as idades,Doença pulmonar obstrutiva crônica,Número,2022,64530.59320250263,68428.86524930749,58063.63579141943
Toda a população,Óbitos,Brasil,Ambos,Todas as idades,Doença pulmonar obstrutiva crônica,Número,2023,64617.64587043331,68969.90365500332,57246.935965784105
Toda a população,Óbitos,Brasil,Ambos,Todas as idades,AVC isquêmico,Número,2022,71018.79036179878,77178.31491872093,62530.99926194923
Toda a população,Óbitos,Brasil,Ambos,Todas as idades,AVC hemorrágico,Número,2022,41941.64335772733,44738.29084617448,38894.93916689213
Toda a população,Óbitos,Brasil,Ambos,Todas as idades,Aneurisma da aorta,Número,2022,9833.22543768676,10398.30829060395,9067.561951057884
Toda a população,Óbitos,Brasil,Ambos,Todas as idades,AVC isquêmico,Número,2023,70691.1407950883,77395.6939541688,61130.83962543447
Toda a população,Óbitos,Brasil,Ambos,Todas as idades,AVC hemorrágico,Número,2023,42900.39852309072,45607.85833711415,39555.25852060595
Toda a população,Óbitos,Brasil,Ambos,Todas as idades,Aneurisma da aorta,Número,2023,10198.53372928531,10813.209854469897,9338.410560128697
Toda a população,Óbitos,Brasil,Ambos,Todas as idades,"Câncer de traqueia, brônquios e pulmão",Número,2023,39304.51344656866,41435.1471149083,36576.490863063846
Toda a população,Óbitos,Brasil,Ambos,Todas as idades,"Câncer de traqueia, brônquios e pulmão",Número,2022,38446.378433639235,40312.386665014885,36169.663552787875
Toda a população,Óbitos,Brasil,Ambos,Todas as idades,Leucemia mieloide aguda,Número,2023,4583.517050175116,4874.444379613923,4276.776999463836
Toda a população,Óbitos,Brasil,Ambos,Todas as idades,Leucemia mieloide aguda,Número,2022,4205.132416921186,4486.221794692362,3926.6492825752657
